url,title,meta_description,canonical,og_title,og_description,h1,h2s,schema_types,component_type,render_type,indexable,internal_links_count,has_author,has_publish_date,has_faq_schema,word_count_estimate
/,A&E Insurance Agency | Medicare & Retirement Planning — Miami FL,South Florida's trusted independent Medicare insurance agency. We compare plans from 25+ carriers and find the right fit for your doctors your budget and your life. Licensed in 35 states. Call (954) 281-5622.,https://www.aeinsurancefl.com,A&E Insurance Agency | Medicare & Retirement Planning — Miami FL,South Florida's trusted independent Medicare insurance agency. 25+ carriers compared. Licensed in 35 states. Steve Germain author of Medicare Decoded.,Medicare & Retirement Planning. It's What We Do.,"Ready to Get Your Medicare Right?,Free to You · 25+ Carriers · Since 2009",InsuranceAgency+LocalBusiness+Person+WebSite,server,static,yes,12,no,no,no,~600
/medicare,Medicare Explained: Parts A B C & D Guide | A&E Insurance Agency — Miami FL,Confused about Medicare? Our South Florida Medicare broker explains Medicare Parts A B C and D in plain English — and helps you find the plan that fits your life and budget. Compare Advantage vs. Medigap vs. Part D. Free consultation.,https://www.aeinsurancefl.com/medicare,Medicare Explained: Parts A B C & D Guide | A&E Insurance Agency,Trusted Medicare broker explains Parts A B C and D and helps you compare Advantage vs. Medigap vs. Part D.,Understanding Medicare: Your Complete Guide,"What Is Medicare? Who Is Eligible?,Medicare Part A: Hospital Insurance,Medicare Part B: Medical Insurance,Medicare Part C: Medicare Advantage,Medicare Part D: Prescription Drug Coverage,Medicare Supplement Insurance (Medigap),How Do I Get Started?",InsuranceAgency+LocalBusiness+Person+WebSite (via layout),client,static,yes,8,no,no,no,~1200
/health-insurance,Health Insurance Broker Miami FL | Individual Family & Private Plans | A&E Insurance Agency,Independent health insurance broker serving Miami and South Florida. We compare Individual & Family ACA Marketplace private health insurance and self-employed plans from top carriers. Free quotes. Call (954) 281-5622.,https://www.aeinsurancefl.com/health-insurance,Health Insurance Broker Miami FL | A&E Insurance Agency,Compare Individual Family ACA Marketplace and private health insurance plans in South Florida. Licensed independent broker.,Health Insurance Options for Miami & South Florida,"Individual & Family Health Insurance,ACA / Marketplace Health Insurance,Private Health Insurance (Non-ACA),Health Insurance for the Self-Employed,The Bottom Line on Health Insurance",ItemList+InsuranceAgency+LocalBusiness+Person+WebSite,client,static,yes,6,no,no,no,~1400
/retirement,Retirement Income Planning for South Florida Families | A&E Insurance Agency — Miami FL,Planning for retirement in South Florida? We help you build a tax-efficient income plan with annuities Social Security optimization and life insurance strategies. Free consultation with Steve Germain.,https://www.aeinsurancefl.com/retirement,Retirement Income Planning | A&E Insurance Agency — Miami FL,South Florida retirement income planning — annuities Social Security and life insurance strategies.,Retirement Income Planning,"01. Annuities & Guaranteed Income,02. Social Security Optimization,03. Tax-Efficient Withdrawal Strategies,04. Life Insurance as a Retirement Asset,The Bottom Line on Retirement",InsuranceAgency+LocalBusiness+Person+WebSite,client,static,yes,5,no,no,no,~1200
/life-insurance,Life Insurance & Annuities for South Florida Families | A&E Insurance Agency — Miami FL,Term life whole life and permanent life insurance for South Florida families and business owners. Compare coverage types and get a free quote from independent broker Steve Germain.,https://www.aeinsurancefl.com/life-insurance,Life Insurance & Annuities | A&E Insurance Agency — Miami FL,Compare term whole and permanent life insurance in Miami and South Florida. Independent broker. Free quotes.,Life Insurance for South Florida Families,"01. Term Life Insurance,02. Whole Life Insurance,03. Universal Life Insurance,04. Final Expense Insurance,05. Key Man / Business Life Insurance,06. Annuities,The Bottom Line on Life Insurance",InsuranceAgency+LocalBusiness+Person+WebSite,client,static,yes,5,no,no,no,~1400
/critical-illness,Critical Illness Insurance & Medicare Gap Coverage | A&E Insurance Agency — Miami FL,Critical illness insurance protects South Florida families from the financial devastation of a cancer diagnosis heart attack or stroke. Fill the Medicare gap for hospital stays and treatments.,https://www.aeinsurancefl.com/critical-illness,Critical Illness Insurance & Medicare Gap Coverage | A&E Insurance Agency,Protect South Florida families from cancer heart attack or stroke costs. Fill the Medicare gap.,Critical Illness Insurance: Protecting What Medicare Doesn't,"01. Cancer Insurance,02. Heart Attack & Stroke Coverage,03. Hospital Indemnity Plans,The Bottom Line on Critical Illness",InsuranceAgency+LocalBusiness+Person+WebSite,client,static,yes,4,no,no,no,~900
/about,About Our Team,South Florida Medicare and insurance specialists serving Miami Kendall Doral and surrounding communities since 2009.,https://www.aeinsurancefl.com/about,Meet Our Team | A&E Insurance Agency,Independent Medicare insurance agency serving South Florida since 2009. Steve Germain and team.,About A&E Insurance Agency,"Our Team,Our Mission,Why Independent?,Since 2009",InsuranceAgency+LocalBusiness+Person+WebSite,client,static,yes,4,no,no,no,~600
/about/steve,Steve Germain — Founder & Licensed Medicare Broker | A&E Insurance Agency,Meet Steve Germain founder of A&E Insurance Agency and author of Medicare Decoded. Over 10 years helping South Florida families navigate Medicare with clarity and confidence.,https://www.aeinsurancefl.com/about/steve,"Steve Germain — Founder & Licensed Medicare Broker | A&E Insurance Agency","Author of Medicare Decoded. Licensed Medicare broker serving South Florida since 2009. NPN 19921707.",Steve Germain,"Licensed Medicare Broker & Agency Founder,Medicare Decoded — The Book,Steve's Approach,Carriers Steve Works With",Person+InsuranceAgency+LocalBusiness+WebSite,client,static,yes,4,no,no,no,~800
/contact,Contact Us,Get in touch with A&E Insurance Agency. We serve Miami Kendall Doral Coral Gables and all of South Florida. Call text or schedule a free Medicare consultation today.,https://www.aeinsurancefl.com/contact,Contact A&E Insurance Agency | Medicare Help in Miami FL,Schedule a free Medicare consultation with Steve Germain. Serving all of South Florida.,Contact A&E Insurance Agency,"Schedule a Free Consultation,Give Us a Call,Office Location,What to Expect",InsuranceAgency+LocalBusiness+Person+WebSite,client,static,yes,3,no,no,no,~400
/resources,Medicare Resources & FAQ,Browse our Medicare FAQ library. Find clear answers to common Medicare questions from a licensed broker who has helped 3000+ South Florida families.,https://www.aeinsurancefl.com/resources,Free Medicare Resources & FAQ | A&E Insurance Agency,Browse 29 Medicare FAQ articles. Answers to the most common Medicare questions from South Florida's trusted broker.,Free Medicare Resources & FAQ,"Your Medicare Questions Answered,Browse All Medicare FAQs",InsuranceAgency+LocalBusiness+Person+WebSite,server,static,yes,35,no,no,no,~300
/blogs,Medicare & Insurance Blog | A&E Insurance Agency — South Florida,Medicare tips insurance advice and retirement planning from South Florida's trusted independent broker. Browse 70+ articles from Steve Germain.,https://www.aeinsurancefl.com/blogs,Medicare & Insurance Blog | A&E Insurance Agency,Medicare tips and insurance advice from South Florida's independent broker.,Medicare & Insurance Blog,"Latest Articles,Medicare,Health Insurance,Life Insurance,Retirement",InsuranceAgency+LocalBusiness+Person+WebSite,client,static,yes,75,no,no,no,~200
/tools/medicare-enrollment-calculator,Medicare Enrollment Calculator | A&E Insurance Agency,Find your Medicare Initial Enrollment Period. Enter your date of birth to instantly calculate the exact 7-month window when you can enroll in Medicare without penalty.,https://www.aeinsurancefl.com/tools/medicare-enrollment-calculator,Medicare Enrollment Calculator | A&E Insurance Agency,Enter your date of birth to instantly calculate the exact 7-month window when you can enroll in Medicare without penalty.,Medicare Enrollment Calculator,"When Is My Medicare Enrollment Window?,What Is the Initial Enrollment Period?,What Happens If I Miss My IEP?",InsuranceAgency+LocalBusiness+Person+WebSite,client,static,yes,4,no,no,no,~500
/tools/part-b-penalty-calculator,Part B Late Enrollment Penalty Calculator | A&E Insurance Agency,Calculate your Medicare Part B late enrollment penalty. Enter the number of months you went without creditable coverage to see your estimated monthly penalty for 2026.,https://www.aeinsurancefl.com/tools/part-b-penalty-calculator,Part B Late Enrollment Penalty Calculator | A&E Insurance Agency,Calculate your Medicare Part B late enrollment penalty for 2026.,Part B Late Enrollment Penalty Calculator,"How Is the Part B Penalty Calculated?,How Long Does the Penalty Last?,Can I Avoid the Penalty?",InsuranceAgency+LocalBusiness+Person+WebSite,client,static,yes,4,no,no,no,~500
/tools/part-d-penalty-calculator,Part D Late Enrollment Penalty Calculator | A&E Insurance Agency,Calculate your Medicare Part D late enrollment penalty. If you went without creditable drug coverage for 63+ days you may owe a permanent monthly penalty added to your Part D premium.,https://www.aeinsurancefl.com/tools/part-d-penalty-calculator,Part D Late Enrollment Penalty Calculator | A&E Insurance Agency,Calculate your Medicare Part D late enrollment penalty for 2026.,Part D Late Enrollment Penalty Calculator,"How Is the Part D Penalty Calculated?,How Long Does the Penalty Last?,What Counts as Creditable Coverage?",InsuranceAgency+LocalBusiness+Person+WebSite,client,static,yes,4,no,no,no,~500
/tools/irmaa-calculator,2026 IRMAA Calculator | Medicare Income Surcharge | A&E Insurance Agency,Calculate your 2026 Medicare IRMAA surcharge. High-income beneficiaries pay more for Part B and Part D. Enter your filing status and income bracket to see your total monthly Medicare premium.,https://www.aeinsurancefl.com/tools/irmaa-calculator,2026 IRMAA Calculator | Medicare Income Surcharge | A&E Insurance Agency,Calculate your 2026 Medicare IRMAA surcharge for Part B and Part D.,2026 IRMAA Calculator,"What Is IRMAA?,How Is IRMAA Calculated?,2026 IRMAA Brackets,Can I Appeal IRMAA?",InsuranceAgency+LocalBusiness+Person+WebSite,client,static,yes,4,no,no,no,~600
/watch,Watch Medicare Made Simple — Free Webinar | A&E Insurance Agency,Watch our free Medicare workshop before your first enrollment decision. Steve Germain explains Medicare Advantage vs. Medigap vs. Part D in plain English — no jargon no sales pressure.,https://www.aeinsurancefl.com/watch,Watch Medicare Made Simple — Free Webinar | A&E Insurance Agency,Watch Steve Germain's free Medicare workshop. Medicare Advantage vs. Medigap vs. Part D explained in plain English.,Watch: Medicare Made Simple,"What You'll Learn,About Your Host,What Our Clients Say",InsuranceAgency+LocalBusiness+Person+WebSite (layout only),client,static,yes,3,no,no,no,~400
/watch/video,Watch Medicare Made Simple — Your Free Workshop | A&E Insurance Agency,You're in! Watch the Medicare Made Simple workshop now and discover how to choose the right plan with zero pressure.,https://www.aeinsurancefl.com/watch/video,(same as title),(same as description),Medicare Made Simple — Free Workshop,,InsuranceAgency+LocalBusiness+Person+WebSite (layout only),client,static,no (noindex),0,no,no,no,~100
/book/thank-you,Your Medicare Guide Is Ready | A&E Insurance Agency,Your free copy of Medicare Decoded is ready to download.,,Your Medicare Guide Is Ready | A&E Insurance Agency,Your free copy of Medicare Decoded is ready to download.,Your Medicare Guide Is Ready,,InsuranceAgency+LocalBusiness+Person+WebSite,client,static,no (noindex),0,no,no,no,~100
/privacy,Privacy Policy | A&E Insurance Agency,Privacy Policy for A&E Insurance Agency website.,https://www.aeinsurancefl.com/privacy,,,,Privacy Policy,,server,static,no (noindex+nofollow),0,no,no,no,~800
/terms,Terms of Use | A&E Insurance Agency,Terms of Use for A&E Insurance Agency website.,https://www.aeinsurancefl.com/terms,,,,Terms of Use,,server,static,no (noindex+nofollow),0,no,no,no,~800
/medicare-broker-miami,Medicare Broker in Miami FL | A&E Insurance Agency,Looking for a Medicare broker in Miami FL? A&E Insurance Agency helps Miami seniors compare Medicare Advantage Medigap and Part D plans from 25+ carriers. Free consultations. Steve Germain NPN 19921707.,https://www.aeinsurancefl.com/medicare-broker-miami,Medicare Broker in Miami FL | A&E Insurance Agency,Independent Medicare broker in Miami FL. Free consultations. 25+ carriers.,Medicare Broker in Miami FL,"Why Choose a Local Medicare Broker?,What We Offer Miami Seniors,Our Medicare Services,About Steve Germain,Schedule Your Free Consultation",BreadcrumbList+InsuranceAgency+LocalBusiness+Person+WebSite,server,static,yes,5,no,no,no,~1200
/medicare-broker-south-florida,Medicare Broker South Florida | A&E Insurance Agency,South Florida's trusted independent Medicare broker. A&E Insurance Agency serves Miami Kendall Doral Coral Gables and all of Broward County. Compare 25+ plans for free.,https://www.aeinsurancefl.com/medicare-broker-south-florida,Medicare Broker South Florida | A&E Insurance Agency,Trusted independent Medicare broker serving all of South Florida. Free consultations. 25+ carriers.,Medicare Broker South Florida,"Why South Florida Seniors Choose A&E,Our Medicare Services,Cities We Serve in South Florida,About Steve Germain,Schedule Your Free Consultation",BreadcrumbList+InsuranceAgency+LocalBusiness+Person+WebSite,server,static,yes,5,no,no,no,~1200
/medicare-broker-kendall,Medicare Broker in Kendall FL | A&E Insurance Agency,Local Medicare broker in Kendall FL. A&E Insurance Agency helps Kendall seniors navigate Medicare Advantage Medigap and Part D with free in-person or phone consultations.,https://www.aeinsurancefl.com/medicare-broker-kendall,Medicare Broker in Kendall FL | A&E Insurance Agency,Local Medicare broker in Kendall FL. Free in-person or phone consultations.,Medicare Broker in Kendall FL,"Why Kendall Seniors Choose A&E,Our Office Location,Medicare Services in Kendall,Schedule Your Free Consultation",BreadcrumbList+InsuranceAgency+LocalBusiness+Person+WebSite,server,static,yes,4,no,no,no,~1000
/medicare-broker-near-me,Medicare Broker Near Me | A&E Insurance Agency,Searching for a Medicare broker near me? A&E Insurance Agency serves South Florida and is licensed in 35 states. Local expertise. Free consultations. Compare 25+ Medicare plans.,https://www.aeinsurancefl.com/medicare-broker-near-me,Medicare Broker Near Me | A&E Insurance Agency,Local Medicare broker serving South Florida. Licensed in 35 states. Free consultations.,Medicare Broker Near Me,"What Does a Medicare Broker Do?,Why Choose a Local Broker?,Our Service Area,Schedule a Free Consultation",BreadcrumbList+InsuranceAgency+LocalBusiness+Person+WebSite,server,static,yes,4,no,no,no,~1000
/health-insurance-broker-miami,Health Insurance Broker in Miami FL | A&E Insurance Agency,Independent health insurance broker in Miami FL. A&E Insurance Agency compares ACA Marketplace individual & family and private health insurance plans from top carriers. Free quotes.,https://www.aeinsurancefl.com/health-insurance-broker-miami,Health Insurance Broker in Miami FL | A&E Insurance Agency,Independent health insurance broker in Miami FL. ACA Marketplace individual & family and private plans. Free quotes.,Health Insurance Broker in Miami FL,"What We Offer Miami Residents,ACA / Marketplace Plans,Individual & Family Plans,Private Health Insurance,About Steve Germain,Schedule Your Free Consultation",BreadcrumbList+InsuranceAgency+LocalBusiness+Person+WebSite,server,static,yes,4,no,no,no,~1000
/resources/faq/will-medicare-cover-my-procedure,Will Medicare Cover My Procedure?,One of the most common questions we hear is whether Medicare will pay for a specific surgery test or treatment. Here's how to find out before your appointment.,/resources/faq/will-medicare-cover-my-procedure,Will Medicare Cover My Procedure? | A&E Insurance Agency,Will Medicare cover your procedure? Here's how Medicare decides coverage for surgeries tests and treatments.,Will Medicare Cover My Procedure?,"How Medicare Decides What It Covers,Does Your Doctor Accept Medicare?,What Medicare Typically Covers,What Medicare Generally Does Not Cover,Steps to Take Before Your Appointment,Key Takeaways",FAQPage+InsuranceAgency+LocalBusiness,server,static,yes,3,no,no,yes,~1200
/resources/faq/what-to-expect-from-your-welcome-to-medicare-visit,What to Expect from Your Welcome to Medicare Visit,,/resources/faq/what-to-expect-from-your-welcome-to-medicare-visit,,,,What to Expect from Your Welcome to Medicare Visit,FAQPage+InsuranceAgency+LocalBusiness,server,static,yes,3,no,no,yes,~1000
/resources/faq/what-is-medigap,What Is Medigap?,,/resources/faq/what-is-medigap,,,,What Is Medigap?,FAQPage+InsuranceAgency+LocalBusiness,server,static,yes,3,no,no,yes,~1000
/resources/faq/what-is-medicare-plan-g,What Is Medicare Plan G?,,/resources/faq/what-is-medicare-plan-g,,,,What Is Medicare Plan G?,FAQPage+InsuranceAgency+LocalBusiness,server,static,yes,3,no,no,yes,~1000
/resources/faq/can-i-change-my-supplement-plan-during-annual-enrollment,Can I Change My Medicare Supplement Plan During Annual Enrollment?,,/resources/faq/can-i-change-my-supplement-plan-during-annual-enrollment,,,,Can I Change My Medicare Supplement Plan During Annual Enrollment?,FAQPage+InsuranceAgency+LocalBusiness,server,static,yes,3,no,no,yes,~800
/resources/faq/does-medicare-cover-cataract-surgery,Does Medicare Cover Cataract Surgery?,,/resources/faq/does-medicare-cover-cataract-surgery,,,,Does Medicare Cover Cataract Surgery?,FAQPage+InsuranceAgency+LocalBusiness,server,static,yes,3,no,no,yes,~800
/resources/faq/does-medicare-cover-dental,Does Medicare Cover Dental?,,/resources/faq/does-medicare-cover-dental,,,,Does Medicare Cover Dental?,FAQPage+InsuranceAgency+LocalBusiness,server,static,yes,3,no,no,yes,~800
/resources/faq/does-medicare-plan-g-cover-gym-membership,Does Medicare Plan G Cover My Gym Membership?,,/resources/faq/does-medicare-plan-g-cover-gym-membership,,,,Does Medicare Plan G Cover My Gym Membership?,FAQPage+InsuranceAgency+LocalBusiness,server,static,yes,3,no,no,yes,~600
/resources/faq/how-does-a-medicare-broker-get-paid,How Does a Medicare Broker Get Paid?,,/resources/faq/how-does-a-medicare-broker-get-paid,,,,How Does a Medicare Broker Get Paid?,FAQPage+InsuranceAgency+LocalBusiness,server,static,yes,3,no,no,yes,~700
/resources/faq/how-does-medicare-cover-colonoscopies,How Does Medicare Cover Colonoscopies?,,/resources/faq/how-does-medicare-cover-colonoscopies,,,,How Does Medicare Cover Colonoscopies?,FAQPage+InsuranceAgency+LocalBusiness,server,static,yes,3,no,no,yes,~700
/resources/faq/what-is-medicare-and-who-is-eligible,What Is Medicare and Who Is Eligible?,,/resources/faq/what-is-medicare-and-who-is-eligible,,,,What Is Medicare and Who Is Eligible?,FAQPage+InsuranceAgency+LocalBusiness,server,static,yes,3,no,no,yes,~900
/resources/faq/what-are-the-different-parts-of-medicare,What Are the Different Parts of Medicare?,,/resources/faq/what-are-the-different-parts-of-medicare,,,,What Are the Different Parts of Medicare?,FAQPage+InsuranceAgency+LocalBusiness,server,static,yes,3,no,no,yes,~900
/resources/faq/when-should-i-sign-up-for-medicare,When Should I Sign Up for Medicare?,,/resources/faq/when-should-i-sign-up-for-medicare,,,,When Should I Sign Up for Medicare?,FAQPage+InsuranceAgency+LocalBusiness,server,static,yes,3,no,no,yes,~900
/resources/faq/what-happens-if-i-miss-my-enrollment-window,What Happens If I Miss My Medicare Enrollment Window?,,/resources/faq/what-happens-if-i-miss-my-enrollment-window,,,,What Happens If I Miss My Medicare Enrollment Window?,FAQPage+InsuranceAgency+LocalBusiness,server,static,yes,3,no,no,yes,~900
/resources/faq/how-much-does-medicare-cost,How Much Does Medicare Cost? Is It Free?,,/resources/faq/how-much-does-medicare-cost,,,,How Much Does Medicare Cost? Is It Free?,FAQPage+InsuranceAgency+LocalBusiness,server,static,yes,3,no,no,yes,~900
/resources/faq/difference-between-original-medicare-advantage-and-medigap,What's the Difference Between Original Medicare Medicare Advantage and Medigap?,,/resources/faq/difference-between-original-medicare-advantage-and-medigap,,,,What's the Difference Between Original Medicare Medicare Advantage and Medigap?,FAQPage+InsuranceAgency+LocalBusiness,server,static,yes,3,no,no,yes,~1000
/resources/faq/does-medicare-cover-all-my-medical-bills,Does Medicare Cover All My Medical Bills?,,/resources/faq/does-medicare-cover-all-my-medical-bills,,,,Does Medicare Cover All My Medical Bills?,FAQPage+InsuranceAgency+LocalBusiness,server,static,yes,3,no,no,yes,~800
/resources/faq/how-does-medicare-work-with-employer-coverage,How Does Medicare Work With My Employer Coverage or Other Insurance?,,/resources/faq/how-does-medicare-work-with-employer-coverage,,,,How Does Medicare Work With My Employer Coverage or Other Insurance?,FAQPage+InsuranceAgency+LocalBusiness,server,static,yes,3,no,no,yes,~800
/resources/faq/can-i-change-my-medicare-plan,Can I Change My Medicare Plan Later?,,/resources/faq/can-i-change-my-medicare-plan,,,,Can I Change My Medicare Plan Later?,FAQPage+InsuranceAgency+LocalBusiness,server,static,yes,3,no,no,yes,~700
/resources/faq/how-do-i-get-help-choosing-the-right-medicare-plan,How Do I Get Help Choosing the Right Medicare Plan?,,/resources/faq/how-do-i-get-help-choosing-the-right-medicare-plan,,,,How Do I Get Help Choosing the Right Medicare Plan?,FAQPage+InsuranceAgency+LocalBusiness,server,static,yes,3,no,no,yes,~700
/resources/faq/what-is-a-medicare-savings-program,What Is a Medicare Savings Program (MSP)?,,/resources/faq/what-is-a-medicare-savings-program,,,,What Is a Medicare Savings Program (MSP)?,FAQPage+InsuranceAgency+LocalBusiness,server,static,yes,3,no,no,yes,~800
/resources/faq/what-is-extra-help-for-medicare-prescription-drugs,What Is Extra Help for Medicare Prescription Drugs?,,/resources/faq/what-is-extra-help-for-medicare-prescription-drugs,,,,What Is Extra Help for Medicare Prescription Drugs?,FAQPage+InsuranceAgency+LocalBusiness,server,static,yes,3,no,no,yes,~800
/resources/faq/can-i-delay-enrolling-in-medicare-part-b,Can I Delay Enrolling in Medicare Part B?,,/resources/faq/can-i-delay-enrolling-in-medicare-part-b,,,,Can I Delay Enrolling in Medicare Part B?,FAQPage+InsuranceAgency+LocalBusiness,server,static,yes,3,no,no,yes,~800
/resources/faq/what-is-the-medicare-glp1-bridge-program,What Is the Medicare GLP-1 Bridge Program?,,/resources/faq/what-is-the-medicare-glp1-bridge-program,,,,What Is the Medicare GLP-1 Bridge Program?,FAQPage+InsuranceAgency+LocalBusiness,server,static,yes,3,no,no,yes,~700
/resources/faq/how-does-medicare-cover-insulin,How Does Medicare Cover Insulin and What Is the $35 Cap?,,/resources/faq/how-does-medicare-cover-insulin,,,,How Does Medicare Cover Insulin and What Is the $35 Cap?,FAQPage+InsuranceAgency+LocalBusiness,server,static,yes,3,no,no,yes,~700
/resources/faq/what-is-medicare-advantage,What Is Medicare Advantage?,,/resources/faq/what-is-medicare-advantage,,,,What Is Medicare Advantage?,FAQPage+InsuranceAgency+LocalBusiness,server,static,yes,3,no,no,yes,~900
/resources/faq/what-is-irmaa,What Is IRMAA?,,/resources/faq/what-is-irmaa,,,,What Is IRMAA?,FAQPage+InsuranceAgency+LocalBusiness,server,static,yes,3,no,no,yes,~800
/resources/faq/veterans-and-medicare,Veterans and Medicare: What You Need to Know,,/resources/faq/veterans-and-medicare,,,,Veterans and Medicare: What You Need to Know,FAQPage+InsuranceAgency+LocalBusiness,server,static,yes,3,no,no,yes,~800
/resources/faq/does-medicare-cover-travel,Does Medicare Cover Medical Care While Traveling?,,/resources/faq/does-medicare-cover-travel,,,,Does Medicare Cover Medical Care While Traveling?,FAQPage+InsuranceAgency+LocalBusiness,server,static,yes,3,no,no,yes,~700
/medicare-coverage/medicare-advantage-plans,Medicare Advantage Plans | A&E Insurance Agency,Medicare Advantage has become increasingly popular now covering nearly half of all Medicare beneficiaries.,/medicare-coverage/medicare-advantage-plans,Medicare Advantage Plans | A&E Insurance Agency,,Medicare Advantage Plans,"What Is Medicare Advantage?,How it works,Medicare Advantage vs. Original Medicare,Types of Medicare Advantage Plans,HMO Plans,PPO Plans,PFFS Plans,What's Typically Included,Extra Benefits,Costs,Networks & Restrictions,Is Medicare Advantage Right for You?",BlogPosting+InsuranceAgency+LocalBusiness,server,static,yes,4,yes,yes,no,~3000
/medicare-coverage/medicare-advantage-vs-medigap,Medicare Advantage vs. Medigap | A&E Insurance Agency,,/medicare-coverage/medicare-advantage-vs-medigap,,,Medicare Advantage vs. Medigap,,BlogPosting+InsuranceAgency+LocalBusiness,server,static,yes,4,yes,yes,no,~2500
/medicare-coverage/medicare-enrollment-and-costs,Medicare Enrollment & Costs | A&E Insurance Agency,,/medicare-coverage/medicare-enrollment-and-costs,,,Medicare Enrollment & Costs,,BlogPosting+InsuranceAgency+LocalBusiness,server,static,yes,4,yes,yes,no,~2500
/medicare-coverage/medicare-simplified,Medicare Simplified | A&E Insurance Agency,,/medicare-coverage/medicare-simplified,,,Medicare Simplified,,BlogPosting+InsuranceAgency+LocalBusiness,server,static,yes,4,yes,yes,no,~2000
/medicare-coverage/medicare-supplement-plans-medigap,Medicare Supplement Plans (Medigap) | A&E Insurance Agency,,/medicare-coverage/medicare-supplement-plans-medigap,,,Medicare Supplement Plans (Medigap),,BlogPosting+InsuranceAgency+LocalBusiness,server,static,yes,4,yes,yes,no,~3000
/medicare-coverage/part-d-prescription-drug-plans,Part D Prescription Drug Plans | A&E Insurance Agency,,/medicare-coverage/part-d-prescription-drug-plans,,,Part D Prescription Drug Plans,,BlogPosting+InsuranceAgency+LocalBusiness,server,static,yes,4,yes,yes,no,~2500
/medicare-coverage/understanding-medicare-parts-a-b-c-d,Understanding Medicare: Parts A B C & D | A&E Insurance Agency,,/medicare-coverage/understanding-medicare-parts-a-b-c-d,,,Understanding Medicare: Parts A B C & D,,BlogPosting+InsuranceAgency+LocalBusiness,server,static,yes,4,yes,yes,no,~2500
/blogs/medicare-advantage-vs-medicare-supplement-plans-in-florida-which-is-right-for-you,Medicare Advantage vs. Medicare Supplement Plans in Florida: Which Is Right for You? | A&E Insurance Agency,Choosing between Medicare Advantage and Medicare Supplement (Medigap) in Florida? Compare costs flexibility and coverage to find the right plan for your lifestyle and health needs.,/blogs/medicare-advantage-vs-medicare-supplement-plans-in-florida-which-is-right-for-you,Medicare Advantage vs. Medicare Supplement Plans in Florida: Which Is Right for You?,,(H1 from content),BlogPosting+FAQPage+InsuranceAgency+LocalBusiness,server,static,yes,5,yes,yes,yes,~2000
/blogs/what-is-the-difference-between-medicare-part-a-and-part-b,What Is the Difference Between Medicare Part A and Part B | A&E Insurance Agency,,/blogs/what-is-the-difference-between-medicare-part-a-and-part-b,,,,(H1 from content),BlogPosting+InsuranceAgency+LocalBusiness,server,static,yes,4,yes,yes,no,~1800
/blogs/which-medicare-plan-is-better-for-dental-and-vision-coverage,Which Medicare Plan Is Better for Dental and Vision Coverage | A&E Insurance Agency,,/blogs/which-medicare-plan-is-better-for-dental-and-vision-coverage,,,,(H1 from content),BlogPosting+InsuranceAgency+LocalBusiness,server,static,yes,4,yes,yes,no,~1800
/blogs/how-does-medicare-part-c-compare-to-original-medicare-in-florida,How Does Medicare Part C Compare to Original Medicare in Florida? | A&E Insurance Agency,,/blogs/how-does-medicare-part-c-compare-to-original-medicare-in-florida,,,,(H1 from content),BlogPosting+InsuranceAgency+LocalBusiness,server,static,yes,4,yes,yes,no,~1800
/blogs/whats-the-difference-between-medigap-plan-g-vs-plan-n-in-florida,What's the Difference Between Medigap Plan G vs Plan N in Florida? | A&E Insurance Agency,,/blogs/whats-the-difference-between-medigap-plan-g-vs-plan-n-in-florida,,,,(H1 from content),BlogPosting+InsuranceAgency+LocalBusiness,server,static,yes,4,yes,yes,no,~1800
/blogs/which-medicare-plan-is-best-for-people-with-chronic-conditions-in-florida,Which Medicare Plan Is Best for People With Chronic Conditions in Florida? | A&E Insurance Agency,,/blogs/which-medicare-plan-is-best-for-people-with-chronic-conditions-in-florida,,,,(H1 from content),BlogPosting+InsuranceAgency+LocalBusiness,server,static,yes,4,yes,yes,no,~1800
/blogs/how-a-medicare-broker-near-me-helped-local-seniors-find-better-coverage,How a Medicare Broker Near Me Helped Local Seniors Find Better Coverage | A&E Insurance Agency,,/blogs/how-a-medicare-broker-near-me-helped-local-seniors-find-better-coverage,,,,(H1 from content),BlogPosting+InsuranceAgency+LocalBusiness,server,static,yes,4,yes,yes,no,~1500
/blogs/medicare-advantage-vs-private-health-insurance-in-florida,Medicare Advantage vs. Private Health Insurance in Florida | A&E Insurance Agency,,/blogs/medicare-advantage-vs-private-health-insurance-in-florida,,,,(H1 from content),BlogPosting+InsuranceAgency+LocalBusiness,server,static,yes,4,yes,yes,no,~1500
/blogs/which-medicare-plan-has-lower-out-of-pocket-costs,Which Medicare Plan Has Lower Out-of-Pocket Costs? | A&E Insurance Agency,,/blogs/which-medicare-plan-has-lower-out-of-pocket-costs,,,,(H1 from content),BlogPosting+InsuranceAgency+LocalBusiness,server,static,yes,4,yes,yes,no,~1600
/blogs/which-medicare-plan-is-better-for-frequent-doctor-visits-in-florida,Which Medicare Plan Is Better for Frequent Doctor Visits in Florida? | A&E Insurance Agency,,/blogs/which-medicare-plan-is-better-for-frequent-doctor-visits-in-florida,,,,(H1 from content),BlogPosting+InsuranceAgency+LocalBusiness,server,static,yes,4,yes,yes,no,~1600
/blogs/which-medicare-option-works-best-for-snowbirds,Which Medicare Option Works Best for Snowbirds? | A&E Insurance Agency,,/blogs/which-medicare-option-works-best-for-snowbirds,,,,(H1 from content),BlogPosting+InsuranceAgency+LocalBusiness,server,static,yes,4,yes,yes,no,~1500
/blogs/how-does-medicare-advantage-compare-to-medigap-for-travel-coverage,How Does Medicare Advantage Compare to Medigap for Travel Coverage? | A&E Insurance Agency,,/blogs/how-does-medicare-advantage-compare-to-medigap-for-travel-coverage,,,,(H1 from content),BlogPosting+InsuranceAgency+LocalBusiness,server,static,yes,4,yes,yes,no,~1500
/blogs/turning-65-in-florida-your-complete-medicare-enrollment-checklist,Turning 65 in Florida: Your Complete Medicare Enrollment Checklist | A&E Insurance Agency,,/blogs/turning-65-in-florida-your-complete-medicare-enrollment-checklist,,,,(H1 from content),BlogPosting+InsuranceAgency+LocalBusiness,server,static,yes,4,yes,yes,no,~2000
/blogs/how-to-find-the-right-medicare-broker-near-me-in-florida,How to Find the Right Medicare Broker Near Me in Florida | A&E Insurance Agency,,/blogs/how-to-find-the-right-medicare-broker-near-me-in-florida,,,,(H1 from content),BlogPosting+InsuranceAgency+LocalBusiness,server,static,yes,4,yes,yes,no,~1800
/blogs/medicare-enrollment-and-costs-faq-2026,Medicare Enrollment and Costs FAQ 2026 | A&E Insurance Agency,,/blogs/medicare-enrollment-and-costs-faq-2026,,,,(H1 from content),BlogPosting+FAQPage+InsuranceAgency+LocalBusiness,server,static,yes,4,yes,yes,yes,~2000
/blogs/medicare-in-miami-2026,Medicare in Miami 2026 | A&E Insurance Agency,,/blogs/medicare-in-miami-2026,,,,(H1 from content),BlogPosting+InsuranceAgency+LocalBusiness,server,static,yes,4,yes,yes,no,~2000
/blogs/what-to-know-about-medicares-new-wiser-model-aiming-for-smarter-spending-not-less-care,What to Know About Medicare's New WISeR Model | A&E Insurance Agency,,/blogs/what-to-know-about-medicares-new-wiser-model-aiming-for-smarter-spending-not-less-care,,,,(H1 from content),BlogPosting+InsuranceAgency+LocalBusiness,server,static,yes,4,yes,yes,no,~1500
/blogs/why-some-doctors-prefer-patients-with-medicare-supplement-plans,Why Some Doctors Prefer Patients With Medicare Supplement Plans | A&E Insurance Agency,,/blogs/why-some-doctors-prefer-patients-with-medicare-supplement-plans,,,,(H1 from content),BlogPosting+InsuranceAgency+LocalBusiness,server,static,yes,4,yes,yes,no,~1500
/blogs/why-a-medicare-agent-near-me-may-be-better-than-insurance-comparison-websites,Why a Medicare Agent Near Me May Be Better Than Insurance Comparison Websites | A&E Insurance Agency,,/blogs/why-a-medicare-agent-near-me-may-be-better-than-insurance-comparison-websites,,,,(H1 from content),BlogPosting+InsuranceAgency+LocalBusiness,server,static,yes,4,yes,yes,no,~1500
/blogs/why-the-lowest-premium-might-cost-you-more-in-the-long-run,Why the Lowest Premium Might Cost You More in the Long Run | A&E Insurance Agency,,/blogs/why-the-lowest-premium-might-cost-you-more-in-the-long-run,,,,(H1 from content),BlogPosting+InsuranceAgency+LocalBusiness,server,static,yes,4,yes,yes,no,~1400
/blogs/why-dental-isnt-covered-by-health-insurance-plans-and-why-that-matters,Why Dental Isn't Covered by Health Insurance Plans | A&E Insurance Agency,,/blogs/why-dental-isnt-covered-by-health-insurance-plans-and-why-that-matters,,,,(H1 from content),BlogPosting+InsuranceAgency+LocalBusiness,server,static,yes,4,yes,yes,no,~1400
/blogs/would-you-bet-7-000-on-your-health-this-year,Would You Bet $7000 on Your Health This Year? | A&E Insurance Agency,,/blogs/would-you-bet-7-000-on-your-health-this-year,,,,(H1 from content),BlogPosting+InsuranceAgency+LocalBusiness,server,static,yes,4,yes,yes,no,~1400
/blogs/your-spouse-isnt-eligible-for-medicare-yet--now-what,Your Spouse Isn't Eligible for Medicare Yet — Now What? | A&E Insurance Agency,,/blogs/your-spouse-isnt-eligible-for-medicare-yet--now-what,,,,(H1 from content),BlogPosting+InsuranceAgency+LocalBusiness,server,static,yes,4,yes,yes,no,~1400
/blogs/youre-retiring-at-68--did-you-miss-your-medigap-enrollment-window,You're Retiring at 68 — Did You Miss Your Medigap Enrollment Window? | A&E Insurance Agency,,/blogs/youre-retiring-at-68--did-you-miss-your-medigap-enrollment-window,,,,(H1 from content),BlogPosting+InsuranceAgency+LocalBusiness,server,static,yes,4,yes,yes,no,~1400
/blogs/which-medicare-plan-is-better-for-specialist-visits,Which Medicare Plan Is Better for Specialist Visits? | A&E Insurance Agency,,/blogs/which-medicare-plan-is-better-for-specialist-visits,,,,(H1 from content),BlogPosting+InsuranceAgency+LocalBusiness,server,static,yes,4,yes,yes,no,~1500
/blogs/what-is-the-difference-between-hmo-and-ppo-medicare-advantage-plans,What Is the Difference Between HMO and PPO Medicare Advantage Plans? | A&E Insurance Agency,,/blogs/what-is-the-difference-between-hmo-and-ppo-medicare-advantage-plans,,,,(H1 from content),BlogPosting+InsuranceAgency+LocalBusiness,server,static,yes,4,yes,yes,no,~1500
/blogs/beat-the-heat-smart-ways-to-stay-cool-all-summer-long,Beat the Heat: Smart Ways to Stay Cool All Summer Long | A&E Insurance Agency,,/blogs/beat-the-heat-smart-ways-to-stay-cool-all-summer-long,,,,(H1 from content),BlogPosting+InsuranceAgency+LocalBusiness,server,static,yes,4,yes,yes,no,~1200
/blogs/life-insurance-myths-debunked-what-you-really-need-to-know,Life Insurance Myths Debunked: What You Really Need to Know | A&E Insurance Agency,,/blogs/life-insurance-myths-debunked-what-you-really-need-to-know,,,,(H1 from content),BlogPosting+InsuranceAgency+LocalBusiness,server,static,yes,4,yes,yes,no,~1400
/blogs/term-insurance-a-smart-way-to-secure-your-familys-future,Term Insurance: A Smart Way to Secure Your Family's Future | A&E Insurance Agency,,/blogs/term-insurance-a-smart-way-to-secure-your-familys-future,,,,(H1 from content),BlogPosting+InsuranceAgency+LocalBusiness,server,static,yes,4,yes,yes,no,~1200
/blogs/understanding-universal-life-insurance-is-it-right-for-you,Understanding Universal Life Insurance: Is It Right for You? | A&E Insurance Agency,,/blogs/understanding-universal-life-insurance-is-it-right-for-you,,,,(H1 from content),BlogPosting+InsuranceAgency+LocalBusiness,server,static,yes,4,yes,yes,no,~1200
/blogs/what-type-of-life-insurance-should-miami-small-business-owners-choose,What Type of Life Insurance Should Miami Small Business Owners Choose? | A&E Insurance Agency,,/blogs/what-type-of-life-insurance-should-miami-small-business-owners-choose,,,,(H1 from content),BlogPosting+InsuranceAgency+LocalBusiness,server,static,yes,4,yes,yes,no,~1400
/blogs/health-insurance-for-self-employed-professionals-what-are-your-options,Health Insurance for Self-Employed Professionals: What Are Your Options? | A&E Insurance Agency,,/blogs/health-insurance-for-self-employed-professionals-what-are-your-options,,,,(H1 from content),BlogPosting+InsuranceAgency+LocalBusiness,server,static,yes,4,yes,yes,no,~1400
/blogs/er-urgent-care-or-virtual-visit-where-to-go-and-what-itll-cost-you,ER Urgent Care or Virtual Visit? | A&E Insurance Agency,,/blogs/er-urgent-care-or-virtual-visit-where-to-go-and-what-itll-cost-you,,,,(H1 from content),BlogPosting+InsuranceAgency+LocalBusiness,server,static,yes,4,yes,yes,no,~1200
/blogs/what-to-do-if-you-get-a-surprise-medical-bill,What to Do If You Get a Surprise Medical Bill | A&E Insurance Agency,,/blogs/what-to-do-if-you-get-a-surprise-medical-bill,,,,(H1 from content),BlogPosting+InsuranceAgency+LocalBusiness,server,static,yes,4,yes,yes,no,~1200
/blogs/year-end-insurance-checklist-ensure-youre-covered-for-the-year-ahead,Year-End Insurance Checklist | A&E Insurance Agency,,/blogs/year-end-insurance-checklist-ensure-youre-covered-for-the-year-ahead,,,,(H1 from content),BlogPosting+InsuranceAgency+LocalBusiness,server,static,yes,4,yes,yes,no,~1000
/blogs/why-insurance-should-be-part-of-your-2025-resolutions,Why Insurance Should Be Part of Your 2025 Resolutions | A&E Insurance Agency,,/blogs/why-insurance-should-be-part-of-your-2025-resolutions,,,,(H1 from content),BlogPosting+InsuranceAgency+LocalBusiness,server,static,yes,4,yes,yes,no,~1000
